category,word
Animals,cat
Animals,dog
Animals,elephant
Animals,giraffe
Animals,penguin
Animals,dolphin
Animals,lion
Animals,tiger
Animals,monkey
Animals,zebra
Animals,koala
Animals,panda
Animals,kangaroo
Animals,owl
Animals,eagle
Animals,shark
Animals,whale
Animals,butterfly
Animals,snake
Animals,turtle
Animals,rabbit
Animals,bear
Animals,wolf
Animals,fox
Animals,horse
Animals,cow
Animals,pig
Animals,sheep
Animals,goat
Animals,chicken
Animals,duck
Animals,mouse
Animals,rat
Animals,hamster
Animals,parrot
Animals,frog
Animals,lizard
Animals,crocodile
Animals,alligator
Animals,hippo
Animals,rhino
Animals,deer
Animals,moose
Animals,elk
Animals,antelope
Animals,gazelle
Animals,cheetah
Animals,leopard
Animals,jaguar
Animals,otter
Animals,beaver
Animals,seal
Animals,walrus
Animals,polar bear
Animals,grizzly
Animals,bobcat
Animals,lynx
Animals,coyote
Animals,foxhound
Animals,beagle
Animals,poodle
Food,pizza
Food,burger
Food,sushi
Food,taco
Food,pasta
Food,salad
Food,soup
Food,sandwich
Food,chocolate
Food,cookie
Food,cake
Food,ice cream
Food,coffee
Food,tea
Food,juice
Food,bread
Food,cheese
Food,bacon
Food,eggs
Food,rice
Food,noodles
Food,fruit
Food,vegetables
Food,apple
Food,banana
Food,orange
Food,grape
Food,strawberry
Food,blueberry
Food,watermelon
Food,pineapple
Food,mango
Food,kiwi
Food,peach
Food,plum
Food,carrot
Food,broccoli
Food,potato
Food,tomato
Food,onion
Food,garlic
Food,chicken
Food,beef
Food,pork
Food,fish
Food,shrimp
Food,crab
Food,lobster
Food,tuna
Food,salmon
Food,turkey
Food,ham
Food,sausage
Food,pancake
Food,waffle
Food,cereal
Food,oatmeal
Food,yogurt
Food,milk
Colors,purple
Colors,orange
Colors,turquoise
Colors,magenta
Colors,cyan
Colors,yellow
Colors,green
Colors,blue
Colors,red
Colors,pink
Colors,brown
Colors,black
Colors,white
Colors,gray
Colors,gold
Colors,silver
Colors,bronze
Colors,indigo
Colors,violet
Colors,maroon
Colors,navy
Colors,teal
Colors,lime
Colors,coral
Colors,salmon
Colors,khaki
Colors,beige
Colors,ivory
Colors,cream
Colors,charcoal
Colors,slate
Colors,olive
Colors,emerald
Colors,ruby
Colors,sapphire
Colors,amber
Colors,copper
Colors,brass
Colors,platinum
Colors,pearl
Colors,obsidian
Colors,crimson
Colors,scarlet
Colors,burgundy
Colors,lavender
Colors,lilac
Colors,mauve
Objects,chair
Objects,table
Objects,lamp
Objects,clock
Objects,mirror
Objects,bottle
Objects,phone
Objects,computer
Objects,book
Objects,pen
Objects,paper
Objects,key
Objects,door
Objects,window
Objects,car
Objects,bicycle
Objects,guitar
Objects,camera
Objects,television
Objects,radio
Objects,headphones
Objects,pillow
Objects,blanket
Objects,towel
Objects,backpack
Objects,wallet
Objects,purse
Objects,watch
Objects,glasses
Objects,shoes
Objects,shirt
Objects,pants
Objects,jacket
Objects,hat
Objects,belt
Objects,socks
Objects,knife
Objects,fork
Objects,spoon
Objects,plate
Objects,cup
Objects,mug
Objects,bowl
Objects,basket
Objects,box
Objects,bag
Objects,case
Objects,container
Objects,scissors
Objects,ruler
Objects,pencil
Objects,eraser
Objects,notebook
Objects,folder
Objects,umbrella
Objects,flashlight
Objects,battery
Objects,remote
Objects,controller
Objects,mouse
Places,beach
Places,forest
Places,mountain
Places,desert
Places,city
Places,village
Places,island
Places,river
Places,lake
Places,park
Places,garden
Places,school
Places,hospital
Places,airport
Places,station
Places,museum
Places,library
Places,castle
Places,bridge
Places,tunnel
Places,highway
Places,street
Places,road
Places,house
Places,apartment
Places,office
Places,store
Places,market
Places,restaurant
Places,cinema
Places,theater
Places,stadium
Places,gym
Places,pool
Places,playground
Places,farm
Places,ranch
Places,campground
Places,cabin
Places,cottage
Places,mansion
Places,hotel
Places,motel
Places,resort
Places,spa
Places,salon
Places,garage
Places,basement
Places,attic
Places,balcony
Places,porch
Places,patio
Places,deck
Nature,flower
Nature,tree
Nature,grass
Nature,cloud
Nature,rain
Nature,snow
Nature,wind
Nature,sun
Nature,moon
Nature,star
Nature,ocean
Nature,wave
Nature,fire
Nature,ice
Nature,rock
Nature,sand
Nature,leaf
Nature,root
Nature,branch
Nature,storm
Nature,thunder
Nature,lightning
Nature,rainbow
Nature,fog
Nature,mist
Nature,dew
Nature,frost
Nature,hail
Nature,sleet
Nature,breeze
Nature,gale
Nature,volcano
Nature,earthquake
Nature,tsunami
Nature,hurricane
Nature,tornado
Nature,blizzard
Nature,meadow
Nature,valley
Nature,canyon
Nature,waterfall
Nature,cave
Nature,spring
Nature,prairie
Nature,savanna
Nature,jungle
Nature,arctic
Nature,tundra
Nature,coral
Nature,reef
Nature,lagoon
Nature,delta
Nature,estuary
Nature,glacier
Technology,internet
Technology,software
Technology,hardware
Technology,database
Technology,network
Technology,server
Technology,computer
Technology,laptop
Technology,tablet
Technology,phone
Technology,app
Technology,website
Technology,code
Technology,program
Technology,algorithm
Technology,data
Technology,file
Technology,folder
Technology,email
Technology,message
Technology,chat
Technology,video
Technology,audio
Technology,camera
Technology,microphone
Technology,speaker
Technology,screen
Technology,monitor
Technology,keyboard
Technology,mouse
Technology,printer
Technology,scanner
Technology,router
Technology,modem
Technology,cable
Technology,wireless
Technology,bluetooth
Technology,wifi
Technology,usb
Technology,hdmi
Technology,ethernet
Technology,memory
Technology,storage
Technology,drive
Technology,disk
Technology,chip
Technology,processor
Technology,battery
Technology,charger
Technology,adapter
Technology,case
Technology,cover
Technology,stand
Sports,football
Sports,basketball
Sports,tennis
Sports,soccer
Sports,baseball
Sports,swimming
Sports,running
Sports,cycling
Sports,skiing
Sports,surfing
Sports,golf
Sports,hockey
Sports,volleyball
Sports,cricket
Sports,rugby
Sports,boxing
Sports,wrestling
Sports,bowling
Sports,archery
Sports,fencing
Sports,judo
Sports,karate
Sports,taekwondo
Sports,yoga
Sports,pilates
Sports,aerobics
Sports,dance
Sports,skateboarding
Sports,rollerblading
Sports,climbing
Sports,hiking
Sports,camping
Sports,fishing
Sports,hunting
Sports,sailing
Sports,boating
Sports,kayaking
Sports,canoeing
Sports,skydiving
Sports,parachuting
Sports,bungee
Sports,rafting
Sports,diving
Sports,snorkeling
Movies,action
Movies,comedy
Movies,drama
Movies,horror
Movies,romance
Movies,thriller
Movies,fantasy
Movies,sci-fi
Movies,documentary
Movies,animation
Movies,musical
Movies,mystery
Movies,adventure
Movies,western
Movies,historical
Movies,sequel
Movies,prequel
Movies,trilogy
Movies,saga
Movies,epic
Movies,indie
Movies,blockbuster
Movies,flop
Movies,hit
Movies,classic
Movies,cult
Movies,mainstream
Movies,director
Movies,actor
Movies,actress
Movies,character
Movies,plot
Movies,script
Movies,scene
Movies,trailer
Movies,premiere
Movies,remake
Movies,reboot
Movies,theater
Movies,cinema
Movies,screen
Movies,projection
Movies,soundtrack
Movies,score
Music,rock
Music,pop
Music,jazz
Music,classical
Music,hip-hop
Music,country
Music,electronic
Music,folk
Music,blues
Music,reggae
Music,metal
Music,punk
Music,indie
Music,alternative
Music,R&B
Music,soul
Music,disco
Music,techno
Music,house
Music,trance
Music,dubstep
Music,ambient
Music,instrumental
Music,vocal
Music,guitar
Music,piano
Music,drums
Music,bass
Music,violin
Music,flute
Music,saxophone
Music,trumpet
Music,trombone
Music,clarinet
Music,oboe
Music,harp
Music,album
Music,single
Music,track
Music,song
Music,melody
Music,harmony
Music,rhythm
Music,beat
Music,tempo
Music,chord
Music,note
Music,scale
Music,concert
Music,festival
Music,tour
Music,performance
Music,show
Music,gig
